,scantime,rerun,bootstrap,group_label_acc,gsm_repref_corr,mean_rep_ism_gsm_corr,stdev_rep_ism_gsm_corr
0,halfmintest,1.0,1,0.2770540567990648,0.2774464435022632,0.003615004921644523,0.0034432288738036323
0,halfmintest,1.0,10,0.12579252085884074,0.12980076075273428,0.006881107399515044,0.008451151141338568
0,halfmintest,1.0,100,0.11891239863123589,0.12612366076451076,0.013003341188276977,0.014023176337274389
0,halfmintest,1.0,200,0.052870824442129934,0.24167891888866322,0.015087837261619134,0.012886942579999568
0,halfmintest,1.0,400,0.03821213774896131,0.2214471197950425,0.01800133878816264,0.01911411095990301
0,halfmintest,1.0,800,0.08518851303203816,0.2640072207521409,0.01823098652977462,0.017060087148697417
0,halfmintest,2.0,1,0.10773029370173512,0.10836241552545212,0.002315623278800701,0.0016051017619098465
0,halfmintest,2.0,10,0.048729258164723795,0.06047390487387516,0.004614694367726538,0.0028826716050190182
0,halfmintest,2.0,100,0.04956346592460631,0.17780592439101817,0.012118709477455551,0.010742819972817001
0,halfmintest,2.0,200,0.07134112841057497,0.2227383789602161,0.01407155061135164,0.011730974186276845
0,halfmintest,2.0,400,0.09143606542103079,0.2393914032754425,0.019055929068901713,0.02047197568242146
0,halfmintest,2.0,800,0.05898421233348339,0.2451681095713122,0.01926562705611006,0.020751905761696166
0,halfmintest,3.0,1,0.24638214356097887,0.2514225651768409,0.0028149393529844765,0.0022242556898239884
0,halfmintest,3.0,10,0.06206236534055993,0.05841969301901029,0.007415779251695868,0.00881742321646388
0,halfmintest,3.0,100,0.031987324597087856,0.22657158726048365,0.010448496844773454,0.007714292176957348
0,halfmintest,3.0,200,0.0776875281353207,0.19971198610077445,0.013081857152549548,0.009327884268260297
0,halfmintest,3.0,400,0.12458562171622072,0.340833822613164,0.017507002372597454,0.01844184228268073
0,halfmintest,3.0,800,0.09023755615353975,0.24104554550468849,0.018365706076589827,0.017552398374881147
0,halfmintest,4.0,1,0.253459739065595,0.25396613488096786,0.0028503349663178837,0.001998273384466573
0,halfmintest,4.0,10,0.02548061569875691,0.03500223398839264,0.004581351280710585,0.0029381884557294633
0,halfmintest,4.0,100,0.00960258523785453,0.13289362244703495,0.012488287432607903,0.01528225934686162
0,halfmintest,4.0,200,0.09595991553752771,0.23799554134190948,0.013031154822729756,0.009728453387276556
0,halfmintest,4.0,400,0.1167972099385698,0.24159998011644757,0.0171616060261723,0.01622310812443198
0,halfmintest,4.0,800,0.07414583133188772,0.25456137633682197,0.018887356864611064,0.02039249812211615
0,halfmintest,5.0,1,0.16861429100649156,0.17073313188428885,0.004171579664814214,0.004972056772353432
0,halfmintest,5.0,10,0.12546312625882589,0.13441984753685532,0.00818492428207556,0.00867628123477259
0,halfmintest,5.0,100,0.05228157493045066,0.1472664647045857,0.012552360918725787,0.012671785201608665
0,halfmintest,5.0,200,0.0770654171144214,0.2242990923504269,0.014715397087988675,0.013347163253839937
0,halfmintest,5.0,400,0.1475252324080141,0.2730644586735502,0.018511070460889713,0.01904340441591846
0,halfmintest,5.0,800,0.06830200660864214,0.22344428088135637,0.018312507810385396,0.01766453210524263
0,halfmintest,6.0,1,0.23517230321011662,0.23711509096535277,0.0028568868932818845,0.0020224557415241167
0,halfmintest,6.0,10,0.11219487188715611,0.1157058126074112,0.006949253432031932,0.008158798442416139
0,halfmintest,6.0,100,0.023378214670839958,0.13577021405735423,0.010711417398895228,0.008978561227836818
0,halfmintest,6.0,200,0.03975296818415715,0.20702283204601402,0.013978639843690384,0.011850947450515525
0,halfmintest,6.0,400,0.1466005213229309,0.2535467346875414,0.016250043182448656,0.016037571919894848
0,halfmintest,6.0,800,0.039210682832786635,0.25342987585608256,0.018823099507740988,0.017661534339663488
0,halfmintest,7.0,1,0.15825137326188737,0.15872726373057922,0.002178970657345347,0.0016069198876681571
0,halfmintest,7.0,10,0.029888974580926268,0.0305531549258099,0.007693797187933741,0.009219377096852614
0,halfmintest,7.0,100,0.08323480988575364,0.10063893174725524,0.013657242656256766,0.015070279744047729
0,halfmintest,7.0,200,0.08108190926301366,0.21955507602840618,0.01454095462048829,0.012827731693754375
0,halfmintest,7.0,400,0.11073484763189136,0.226918503242991,0.01685604386612417,0.017222581941613035
0,halfmintest,7.0,800,0.07532895392716436,0.25008019432232165,0.019252614356337207,0.020244842646194347
0,halfmintest,8.0,1,0.2028848000581247,0.20407258174872434,0.0021417176551238202,0.002334217929468232
0,halfmintest,8.0,10,0.04239295242663698,0.04891597782575541,0.006828171372722154,0.007501829598638733
0,halfmintest,8.0,100,0.1066998047206199,0.21801527097941564,0.01267912682867165,0.013323935008754385
0,halfmintest,8.0,200,0.13041095513413392,0.21943061181904067,0.014379943843743718,0.013953593533856948
0,halfmintest,8.0,400,0.07440166193920975,0.2738473544894866,0.017372396762509085,0.015824428190308226
0,halfmintest,8.0,800,0.05048639255299668,0.29050226803065726,0.018268618266557127,0.01658143697978781
0,halfmintest,9.0,1,0.19584756811178217,0.19684302440965773,0.00300463060703536,0.0026302480638498373
0,halfmintest,9.0,10,0.056568625737448724,0.07488029502009674,0.007411859881960662,0.008298271519849711
0,halfmintest,9.0,100,0.023378214670839958,0.13577021405735423,0.010711417398895228,0.008978561227836818
0,halfmintest,9.0,200,0.08458338628667161,0.305222849762504,0.01461512992843366,0.014641820947051585
0,halfmintest,9.0,400,0.052307154762481864,0.20636687291433298,0.016041733387530174,0.01681627349029685
0,halfmintest,9.0,800,0.10688147524816337,0.255888497501787,0.017514864343836683,0.016873781279541922
0,halfmintest,10.0,1,0.17113229757217185,0.1729820947148487,0.004485524514236117,0.0061672298368273095
0,halfmintest,10.0,10,0.10986062867852245,0.11307250578999928,0.008111144488694329,0.010159864518133927
0,halfmintest,10.0,100,0.15414281962345178,0.20632997639681427,0.014276995462505104,0.017224022382083447
0,halfmintest,10.0,200,0.060744059274472864,0.23200333126304473,0.01402488387924298,0.012288097770525969
0,halfmintest,10.0,400,0.05324972890971184,0.2661846895204887,0.015973662142289742,0.01382583964979445
0,halfmintest,10.0,800,0.10927557688513224,0.265614119764628,0.018996836816084876,0.018295173549601647
0,onemintest,1.0,1,0.3389960051446591,0.33937690871417425,0.0023846983851910863,0.0015337731140129733
0,onemintest,1.0,10,0.0639953357120165,0.07022791035815579,0.010081012282072099,0.015504610640640579
0,onemintest,1.0,100,0.2965641821989912,0.32533999603308894,0.012675320869097706,0.01069061704101804
0,onemintest,1.0,200,0.35186336917558103,0.3891442969832669,0.01485910260335849,0.014979061040466715
0,onemintest,1.0,400,0.06902786520173695,0.3439525166058972,0.015741383021996475,0.013940200777851441
0,onemintest,1.0,800,0.07361546516628925,0.4184095825668579,0.018155265812092487,0.01815150470890149
0,onemintest,2.0,1,0.20200416994962178,0.20262538935813668,0.0034684404574215548,0.004411309931890317
0,onemintest,2.0,10,0.1111719028962986,0.13846834068128633,0.008856817675916062,0.013379835224018442
0,onemintest,2.0,100,0.17008222163472855,0.21895336839659707,0.014802045062245573,0.017575993802186468
0,onemintest,2.0,200,0.12078827822518941,0.3262450461408637,0.016009641670750394,0.018819852358706677
0,onemintest,2.0,400,0.049402847724679,0.33405480066229165,0.018431935276784033,0.02053234736537707
0,onemintest,2.0,800,0.2595198593745746,0.4454698821212477,0.01991379408086151,0.02046111054656955
0,onemintest,3.0,1,0.29005533614590745,0.2933708724403321,0.0024108978249755405,0.002228366468670935
0,onemintest,3.0,10,0.04139477812489974,0.047406689083124065,0.007949431634182502,0.009544022189408051
0,onemintest,3.0,100,0.0631654962441316,0.1924363903619697,0.01388610775128554,0.0142182719921198
0,onemintest,3.0,200,0.34477402127560863,0.40096310546512637,0.017488688886435837,0.020641102721901672
0,onemintest,3.0,400,0.12223480217347044,0.39376253556480534,0.018068622995652917,0.019681465424308174
0,onemintest,3.0,800,0.16430142279290377,0.37831696002787973,0.020901952102444946,0.02271298459806897
0,onemintest,4.0,1,0.2522662369890841,0.2573550587678691,0.003785540173526847,0.004662168340172491
0,onemintest,4.0,10,0.10164232089542562,0.11576535941580457,0.0077695114381262755,0.008544301393251994
0,onemintest,4.0,100,0.03442996482608475,0.21373667360404935,0.013495940841251712,0.012182259951543142
0,onemintest,4.0,200,0.11878985294007761,0.29614334533154363,0.01666785089525359,0.01873439605684817
0,onemintest,4.0,400,0.07340801641945943,0.26735396028505654,0.01915600637192331,0.023239382653108473
0,onemintest,4.0,800,0.04598882083808,0.334955797938156,0.018792268664065914,0.021054252236718158
0,onemintest,5.0,1,0.18925541527647924,0.19155949898769098,0.0027281986428329646,0.002002877729304255
0,onemintest,5.0,10,0.05212083463410589,0.06359145082538764,0.008427406153708157,0.011150513207212031
0,onemintest,5.0,100,0.0587324953166331,0.18702990622954085,0.015189476921982092,0.01868258258640869
0,onemintest,5.0,200,0.37003464267921465,0.42765407439056724,0.017139446318850785,0.018480072067965744
0,onemintest,5.0,400,0.053611684912021236,0.3540146734763354,0.018421959575927866,0.020161067253869427
0,onemintest,5.0,800,0.07054826264150386,0.3027464952522694,0.01823130334834563,0.018781423653767795
0,onemintest,6.0,1,0.2104951541065472,0.21238461240882056,0.003026861755985988,0.0032157278626437505
0,onemintest,6.0,10,0.07140285651866632,0.11366939118078112,0.007281577513227714,0.008311334913504843
0,onemintest,6.0,100,0.16366866802715666,0.23765836141577967,0.014477598375117702,0.014903138354565755
0,onemintest,6.0,200,0.09417362312249086,0.3745620288417244,0.015208880259269556,0.01529086585284944
0,onemintest,6.0,400,0.06888663703674382,0.3359384937289389,0.016730588491466813,0.016305153226546656
0,onemintest,6.0,800,0.03874827012786415,0.25746573423895813,0.018106314827992027,0.018638086807809772
0,onemintest,7.0,1,0.12953692998495664,0.13169693016724682,0.0019412288075806008,0.0010733144132349963
0,onemintest,7.0,10,0.14276329504954308,0.15953438909403428,0.005642189832526097,0.003956323432469362
0,onemintest,7.0,100,0.21085694300331798,0.4146618265585982,0.01473324859758713,0.01388025186757133
0,onemintest,7.0,200,0.09887913376392622,0.24195378404456303,0.0181149457155196,0.020697882253260594
0,onemintest,7.0,400,0.061849898076572374,0.3954499862069667,0.017517859872725815,0.01745634806911295
0,onemintest,7.0,800,0.2354632262969006,0.40177315471067043,0.020245377671753557,0.022101607930347843
0,onemintest,8.0,1,0.2931571059179045,0.29685581454361687,0.0026279807246716524,0.0017112134261125234
0,onemintest,8.0,10,0.08018495849552938,0.10987514284537059,0.004426249123247683,0.002973831727846047
0,onemintest,8.0,100,0.0990081037505958,0.24393677049297846,0.014317114220741611,0.014573028314862216
0,onemintest,8.0,200,0.22018055495720645,0.3928411570986894,0.015420925041653055,0.015403068542684785
0,onemintest,8.0,400,0.08932073395421716,0.2975688856375692,0.016635984492990762,0.016136609761806534
0,onemintest,8.0,800,0.044163869627576076,0.2722627685366401,0.018237628249960183,0.019525599034571243
0,onemintest,9.0,1,0.11796545537055247,0.11895280597373459,0.0031851108191840783,0.003827557654170018
0,onemintest,9.0,10,0.1008326774569832,0.11654832964138384,0.007992144388447068,0.00958533662505217
0,onemintest,9.0,100,0.255387168717709,0.25650361172484737,0.01481144341116896,0.015022377901805665
0,onemintest,9.0,200,0.2306180734091894,0.3504084812267645,0.016005622949845637,0.01717496918897519
0,onemintest,9.0,400,0.31854473704248354,0.34526011787378263,0.0169905751574504,0.015861180339783724
0,onemintest,9.0,800,0.05880558043825888,0.27380591152198863,0.018879710200507896,0.020229619527590458
0,onemintest,10.0,1,0.3672397909448173,0.3764803386280908,0.002746354566530703,0.002520850591477641
0,onemintest,10.0,10,0.15484168794201228,0.18954806775533206,0.006927519911825205,0.006051930649223653
0,onemintest,10.0,100,0.10292513676709845,0.22278439206376577,0.01305817934817172,0.011975525909500493
0,onemintest,10.0,200,0.11932725267434355,0.32368241554655297,0.016915012949624168,0.02063641947998327
0,onemintest,10.0,400,0.0902702358763461,0.32089162458538933,0.01868690601795842,0.018062201357982848
0,onemintest,10.0,800,0.06580049928787862,0.30839696419372387,0.0202257116408994,0.0218636939505623
0,threemintest,1.0,1,0.1850739656120847,0.18713645854303573,0.0037232926962816842,0.0044601706119635175
0,threemintest,1.0,10,0.11058744292240777,0.13065760889669886,0.008493262832488664,0.010294270658432686
0,threemintest,1.0,100,0.18893664832836535,0.40271862935457325,0.01283935883278875,0.010751228673234862
0,threemintest,1.0,200,0.11790155980542767,0.4123990912229125,0.015567644030902442,0.014330615866739543
0,threemintest,1.0,400,0.32543553159126953,0.43848132161247366,0.016644877065577605,0.014093040189395655
0,threemintest,1.0,800,0.322478079907988,0.52488855362681,0.016256501102487268,0.011993189969653957
0,threemintest,2.0,1,0.3202338255244643,0.320867318335073,0.0033297793935721594,0.0021169700092935574
0,threemintest,2.0,10,0.1774700466388847,0.21503318155911122,0.004968929608385361,0.0024743412323969317
0,threemintest,2.0,100,0.1689995325292115,0.43715039166629177,0.013452916329813396,0.01034557348315783
0,threemintest,2.0,200,0.22838019345743904,0.414757649718722,0.016873609533277153,0.01650978157942174
0,threemintest,2.0,400,0.3066848635222172,0.5015251607034622,0.017915326450484822,0.01773980430942648
0,threemintest,2.0,800,0.3262450200756891,0.507053067195612,0.01719582901708683,0.013362645220359817
0,threemintest,3.0,1,0.2145341352881307,0.21895848292723585,0.002575221447820793,0.0018797152053219809
0,threemintest,3.0,10,0.2168548520033168,0.2646267912138145,0.0061867272971861936,0.003966518913812908
0,threemintest,3.0,100,0.24529793681154596,0.3785998760949728,0.011325791405347615,0.006821790893392954
0,threemintest,3.0,200,0.33363395691335535,0.5294099190073892,0.014852522790618923,0.011237544321720897
0,threemintest,3.0,400,0.16429448489849088,0.4516519647456321,0.016862411455183173,0.014231850256056727
0,threemintest,3.0,800,0.3072127055635882,0.46638446807181777,0.016776332407906,0.01449881191322132
0,threemintest,4.0,1,0.5393790876269339,0.5402331987976029,0.001801905276169391,0.0016639598881895284
0,threemintest,4.0,10,0.20972687085333724,0.21948424361181118,0.006395945584681895,0.006552783577736265
0,threemintest,4.0,100,0.1304445362583862,0.26227019086402725,0.01103222445706753,0.008695537214793903
0,threemintest,4.0,200,0.14763868137727157,0.4366472786680228,0.013862157466146281,0.009591418963357317
0,threemintest,4.0,400,0.2876518961463249,0.5107448646033316,0.0166867218058676,0.014145972058877649
0,threemintest,4.0,800,0.2692060107415442,0.44946811277252485,0.01685228804312011,0.014227727475545897
0,threemintest,5.0,1,0.4457059382275892,0.4563349079609327,0.0018555407523320447,0.0008999163536336882
0,threemintest,5.0,10,0.24402245705949488,0.266530925257624,0.006057158688196288,0.004835717164473229
0,threemintest,5.0,100,0.25004796138785956,0.46380117140438804,0.012839948791212382,0.010865884482065755
0,threemintest,5.0,200,0.2090937501385546,0.41690466751499455,0.016326180063808145,0.015539617117906019
0,threemintest,5.0,400,0.3673970116494312,0.6332563754411161,0.01524347721283132,0.011772880562548958
0,threemintest,5.0,800,0.2647452543918514,0.5050583612261077,0.016934587806547684,0.013909701112109835
0,threemintest,6.0,1,0.39764348487966017,0.4011212000301061,0.0025409084663824263,0.0018483446790014334
0,threemintest,6.0,10,0.22401795840049957,0.27666193953663887,0.00796102611919446,0.010610972980365754
0,threemintest,6.0,100,0.19072253627579036,0.27801437766968995,0.013142164539589536,0.011120846408320369
0,threemintest,6.0,200,0.42443912222019925,0.49294393855785135,0.013087745286215695,0.008172903560866791
0,threemintest,6.0,400,0.2757251530883639,0.5108987644326621,0.016694773672708288,0.014794214167091469
0,threemintest,6.0,800,0.24403450124026183,0.4922112981312915,0.016806465800052788,0.013926884498748895
0,threemintest,7.0,1,0.42839292889332903,0.43555873466107164,0.002224648445572656,0.0015489087495997186
0,threemintest,7.0,10,0.17344462359797846,0.1917405682127944,0.008296169887532031,0.013914100362832915
0,threemintest,7.0,100,0.16832028433385007,0.2612686375725961,0.012768663217949616,0.009614113731040236
0,threemintest,7.0,200,0.1951995911353973,0.38981445357048505,0.01697305593148479,0.01721392249374005
0,threemintest,7.0,400,0.25033677637448026,0.4444274170368927,0.01580106916621425,0.011973234998552835
0,threemintest,7.0,800,0.06158749000862543,0.44912466222887426,0.017442163560017033,0.014142207591637191
0,threemintest,8.0,1,0.3286012280418844,0.33468925519074855,0.002812286210010273,0.0021370838389010087
0,threemintest,8.0,10,0.0991862966229048,0.12783866258537357,0.00537024925382172,0.006270960536126697
0,threemintest,8.0,100,0.3859732429002516,0.5938626008146117,0.011512719722736212,0.009490567598815086
0,threemintest,8.0,200,0.09980762746962168,0.3785303094325425,0.01341755639644872,0.008911051846988902
0,threemintest,8.0,400,0.3731274890053888,0.5832880724496854,0.014693447980333759,0.012011381687059812
0,threemintest,8.0,800,0.32320899269310316,0.5691614866310728,0.016946875154340176,0.013594372381312187
0,threemintest,9.0,1,0.37073181848303627,0.3760227498607094,0.0029987356576886967,0.0027679948643405537
0,threemintest,9.0,10,0.39658467517982054,0.4285677072371791,0.0067196217031597946,0.006951273447229854
0,threemintest,9.0,100,0.33946603869961295,0.28146634798237913,0.014189409009273816,0.014119402307454313
0,threemintest,9.0,200,0.18933480388600518,0.4300254407221502,0.015157219512291327,0.012406321086238377
0,threemintest,9.0,400,0.23322994679569856,0.42134738905527724,0.016388449182402277,0.01462203100124844
0,threemintest,9.0,800,0.3300867942863903,0.5214092874176973,0.016813599871132148,0.013313006541570128
0,threemintest,10.0,1,0.30909811291320427,0.3102173975200374,0.0030965392943399874,0.004898523868072927
0,threemintest,10.0,10,0.1312320145066732,0.16402537926862082,0.009234294463436465,0.011381429469091237
0,threemintest,10.0,100,0.35593927224367805,0.4521207755334663,0.010849896027550491,0.00706492040726618
0,threemintest,10.0,200,0.24268249508922224,0.454900496836951,0.015246115845976523,0.013386080036388241
0,threemintest,10.0,400,0.2521947244821581,0.5359937670558443,0.015847253041185547,0.012668452771959719
0,threemintest,10.0,800,0.13733633080145666,0.4897401122870031,0.018053377771563087,0.015564446345134696
0,fivemintest,1.0,1,0.5811335692772057,0.5830729875645584,0.0030964648561249255,0.002288350915746667
0,fivemintest,1.0,10,0.3248464131365441,0.3759474619753802,0.005899731797342925,0.005319403576337268
0,fivemintest,1.0,100,0.3487584947274586,0.5109029400638834,0.00815470607555333,0.006276499392487166
0,fivemintest,1.0,200,0.3839694835661712,0.5926858641382018,0.008207415672331816,0.00778930433297281
0,fivemintest,1.0,400,0.3785169713206875,0.5816223357627885,0.009861722319121387,0.009513924897760795
0,fivemintest,1.0,800,0.36230945171921763,0.5864417977127798,0.010139605524423057,0.010190302044747138
0,fivemintest,2.0,1,0.29299905675848403,0.2994065827032788,0.0034370892495865705,0.004164388705183572
0,fivemintest,2.0,10,0.3555164483015787,0.3971493319678818,0.005702229100387987,0.003885791415337016
0,fivemintest,2.0,100,0.3128726322069333,0.5716534848413142,0.0076163244126459285,0.0057222441842036485
0,fivemintest,2.0,200,0.4162182537051973,0.6737829945677559,0.007790503966233005,0.005503912690882866
0,fivemintest,2.0,400,0.35288342897451463,0.6590516867075008,0.008687140763471742,0.006414335356398887
0,fivemintest,2.0,800,0.34498215658343545,0.6569556401831931,0.009359213718204574,0.0073547903384229675
0,fivemintest,3.0,1,0.43127947320327076,0.4411090534377594,0.0024704279494763615,0.0013064058907343466
0,fivemintest,3.0,10,0.44758565814714646,0.47794099213467633,0.007967861825088463,0.010334929569748425
0,fivemintest,3.0,100,0.31236345980389824,0.5420293572152886,0.009030430765789592,0.006023725493568819
0,fivemintest,3.0,200,0.36804538701891854,0.6024705559999013,0.01042131094169636,0.007783533055478596
0,fivemintest,3.0,400,0.361484784716902,0.6626608205001522,0.01022249332685355,0.006916937958455785
0,fivemintest,3.0,800,0.47073363558269843,0.6337994573146071,0.011049910951155964,0.008900651465334352
0,fivemintest,4.0,1,0.44907141868463213,0.4526889460287149,0.002642800258476748,0.001978257013452012
0,fivemintest,4.0,10,0.20757019499109738,0.22309840486233268,0.007057858536408893,0.00889391026939958
0,fivemintest,4.0,100,0.45587590792151444,0.568583257597422,0.011364154474541336,0.010860551369850499
0,fivemintest,4.0,200,0.3964188845781482,0.6605006914542251,0.008954052054635345,0.006274063622109542
0,fivemintest,4.0,400,0.41476481595826786,0.6202217647011192,0.01063477231641113,0.009795796065745807
0,fivemintest,4.0,800,0.3839747886489644,0.6391448116425069,0.010339496418780984,0.009643274266480355
0,fivemintest,5.0,1,0.4515461968834152,0.4590926983641306,0.0026474781934486785,0.0016960752258234723
0,fivemintest,5.0,10,0.3768558283844082,0.41596018657158873,0.007503006978805989,0.009029239862534308
0,fivemintest,5.0,100,0.283843992585993,0.4672739729888129,0.00873840366588614,0.007889194273373134
0,fivemintest,5.0,200,0.3764558236487951,0.6367522728663353,0.009127681381751636,0.007527538799607358
0,fivemintest,5.0,400,0.3380508605524615,0.5517603953250092,0.010479715434753472,0.010403281501549722
0,fivemintest,5.0,800,0.3467938168850612,0.6430914692076658,0.010053409790031827,0.009323227257342942
0,fivemintest,6.0,1,0.3244002796653039,0.32537523035633287,0.003116396726194611,0.0027983724002395467
0,fivemintest,6.0,10,0.4295112990574185,0.4736670866896302,0.006382600033630355,0.005384295641381941
0,fivemintest,6.0,100,0.4189372002948654,0.5271335431738967,0.01121895530046707,0.011038526249265079
0,fivemintest,6.0,200,0.37548977360776736,0.6078959179742879,0.010186817018161065,0.00905886208115074
0,fivemintest,6.0,400,0.3322934516831043,0.6144050098617921,0.009797905265373908,0.008633210206764887
0,fivemintest,6.0,800,0.36890247594159997,0.6637810606971357,0.00981002353511982,0.008849208530386943
0,fivemintest,7.0,1,0.3621388093668176,0.3639192064986905,0.002566444402158552,0.0031776540804869156
0,fivemintest,7.0,10,0.36936964300744946,0.4337929122676646,0.005227955856416111,0.003220522115319199
0,fivemintest,7.0,100,0.3793437828358599,0.5044672922060012,0.010009970602412802,0.00888161869263492
0,fivemintest,7.0,200,0.3289229645177569,0.6075349056722821,0.00941720130991679,0.006993752474332399
0,fivemintest,7.0,400,0.371446253937516,0.6222985749344473,0.00988743124548439,0.00859849889798204
0,fivemintest,7.0,800,0.34601483747886386,0.626334869204889,0.011008040550831436,0.010467795649367293
0,fivemintest,8.0,1,0.19907978427086012,0.2006989153414226,0.0029200962633610197,0.003446474485844173
0,fivemintest,8.0,10,0.41851182284091387,0.46609327818944135,0.005108259670895154,0.003561488592106272
0,fivemintest,8.0,100,0.2993517665759176,0.49545257864136927,0.010406258180497644,0.007515717373771651
0,fivemintest,8.0,200,0.3690991024097779,0.6009504765471358,0.010579376778727837,0.008239338873602058
0,fivemintest,8.0,400,0.45930341786597906,0.6308921743050563,0.011380792814541688,0.008611549028778137
0,fivemintest,8.0,800,0.386740432851202,0.6669006610751654,0.011039946647055014,0.008302903714524763
0,fivemintest,9.0,1,0.41910741717508443,0.4313389521569784,0.0023675251348823606,0.001349049800162423
0,fivemintest,9.0,10,0.35153787615561366,0.40543795905341884,0.004952147004953126,0.0031211438589006275
0,fivemintest,9.0,100,0.3528831905370759,0.5474638743705569,0.009142240501170814,0.005547928194085893
0,fivemintest,9.0,200,0.4901932540543645,0.6246500909969889,0.01057593129875631,0.008652228240270387
0,fivemintest,9.0,400,0.3247502906400992,0.5878900353851625,0.010893197350668649,0.008343854072494763
0,fivemintest,9.0,800,0.35539660573601306,0.6065339573516753,0.01227603260792343,0.009533897899148458
0,fivemintest,10.0,1,0.3799452197973902,0.3888867709451931,0.0019131034380423073,0.0010208991588428523
0,fivemintest,10.0,10,0.3733749926106598,0.4086159885071018,0.006646046096400641,0.007806306278951421
0,fivemintest,10.0,100,0.13881230466344963,0.39532668322527686,0.008258103061291282,0.008512151230674675
0,fivemintest,10.0,200,0.3897214505406917,0.5757918945799804,0.009618296619820525,0.008766578250659
0,fivemintest,10.0,400,0.3621517039555703,0.6257180197457419,0.00973629817082553,0.00857806892333988
0,fivemintest,10.0,800,0.3970210500769953,0.6014680907299189,0.010197884337089144,0.009789076453441152
0,tenmintest,1.0,1,0.589520011832231,0.5964207120823838,0.0022956481711157014,0.0014505417833899133
0,tenmintest,1.0,10,0.45788736307379313,0.49238150631502786,0.0036876779283047667,0.0027598425794381517
0,tenmintest,1.0,100,0.4681223501157434,0.7455551012745734,0.005795146752001508,0.0024879647562967536
0,tenmintest,1.0,200,0.6573224576648422,0.8211218577346112,0.006524123443624367,0.002459331490508431
0,tenmintest,1.0,400,0.7182259775461475,0.8477664887547975,0.006501420618195179,0.002759542398647915
0,tenmintest,1.0,800,0.7336614275085405,0.8571222685207888,0.006467801529037032,0.003348918202431609
0,tenmintest,2.0,1,0.6755392097285582,0.6756784803450153,0.0024457520165978614,0.002664303712369738
0,tenmintest,2.0,10,0.3945217736112355,0.48287968456460795,0.003776532277803117,0.0018015033260120345
0,tenmintest,2.0,100,0.5522736590488778,0.7256084682633124,0.006147139651227936,0.0035810335545511003
0,tenmintest,2.0,200,0.6179998724695258,0.7642573600057647,0.006357428539781888,0.0034312257838008905
0,tenmintest,2.0,400,0.6173885673316954,0.8057536934426991,0.006705715837341068,0.003330307229097186
0,tenmintest,2.0,800,0.7943663799593161,0.87927609924036,0.00611746211062146,0.0026179320583812962
0,tenmintest,3.0,1,0.38561953840190627,0.38927385950247717,0.001957428225191249,0.0015410977685219392
0,tenmintest,3.0,10,0.31086553023310903,0.3518022181800742,0.00412884231801333,0.004088762269881872
0,tenmintest,3.0,100,0.6291156205397802,0.7776113972491493,0.0056644833600028996,0.0022755345294439996
0,tenmintest,3.0,200,0.6448589321275866,0.824791669112351,0.005891534190506605,0.002240881319865935
0,tenmintest,3.0,400,0.7484546647923901,0.8687866915101109,0.006451896786149606,0.003261642748913872
0,tenmintest,3.0,800,0.7240266858742694,0.8540918424600135,0.006351020429558548,0.002806140361105692
0,tenmintest,4.0,1,0.6146942735374593,0.6176964926011924,0.002234412291764487,0.0018783470512580768
0,tenmintest,4.0,10,0.3946139018942099,0.461750751547087,0.0036388269493704403,0.001840001214406723
0,tenmintest,4.0,100,0.4829943827795179,0.5933425981727224,0.0047611262561040755,0.0031672765490416283
0,tenmintest,4.0,200,0.4685879978298894,0.7677321343429486,0.0035863907383896516,0.0015194196672838902
0,tenmintest,4.0,400,0.7023781022872466,0.8384182269876062,0.0039889074433292855,0.001525454961942402
0,tenmintest,4.0,800,0.6961728782498131,0.8472601652751814,0.004229669484324631,0.0017359222889007913
0,tenmintest,5.0,1,0.4892968792252563,0.49816833897059176,0.002526735071093759,0.0014226355447626024
0,tenmintest,5.0,10,0.3475761318659469,0.38235812773391775,0.003632524176050615,0.001970187747467838
0,tenmintest,5.0,100,0.7127767806873087,0.782039281240928,0.005726676253880976,0.002219434313691992
0,tenmintest,5.0,200,0.5636023015092333,0.7701201487421047,0.00676692991051269,0.003448031347366252
0,tenmintest,5.0,400,0.7192082550799687,0.8243432460759736,0.006289224345335324,0.0030079200873534572
0,tenmintest,5.0,800,0.6898261011579828,0.8496649688756261,0.006641084641420584,0.0029672225096717955
0,tenmintest,6.0,1,0.66384918076275,0.6651835907997679,0.0029176667709805205,0.0024040393260009426
0,tenmintest,6.0,10,0.49058062983449346,0.5818695078249062,0.004438651138628517,0.0019712497448072658
0,tenmintest,6.0,100,0.6527184154674655,0.7457565949389016,0.005601591394860927,0.002374073696180963
0,tenmintest,6.0,200,0.7014301182311532,0.8399865755580298,0.006220285489980741,0.002739208305575965
0,tenmintest,6.0,400,0.7300967787916042,0.8330659375582729,0.00609278980022977,0.0031947658532102243
0,tenmintest,6.0,800,0.6732670770126558,0.8238725259708413,0.006287710233768262,0.003029873763821007
0,tenmintest,7.0,1,0.3552218026913257,0.3589807402151848,0.0021707269600020488,0.0010637009147588037
0,tenmintest,7.0,10,0.4660768231246087,0.5180115513731527,0.004001378251521807,0.002734837520103947
0,tenmintest,7.0,100,0.6684931341463357,0.7751011700895125,0.006618646183873556,0.0038230157311522723
0,tenmintest,7.0,200,0.7236689539072313,0.819184030865075,0.006295372175987313,0.003390424588011172
0,tenmintest,7.0,400,0.6888601692856081,0.8414736734636022,0.006344422263628491,0.0031256761621897065
0,tenmintest,7.0,800,0.6768885147330859,0.8208893912201047,0.0064821737628160125,0.0040956605581113185
0,tenmintest,8.0,1,0.5364404404652307,0.5411604559401951,0.002444021741134694,0.001266683474858912
0,tenmintest,8.0,10,0.43148810279566363,0.4768568723289902,0.0037217411552126173,0.0011100727874331288
0,tenmintest,8.0,100,0.6344406302724837,0.7050087803351134,0.006951441858593536,0.005330538484666821
0,tenmintest,8.0,200,0.6475963470647993,0.8163056211159643,0.006404563509674399,0.003505045523030876
0,tenmintest,8.0,400,0.7123903987352298,0.8682316170601735,0.006440946756246661,0.003408728340385411
0,tenmintest,8.0,800,0.70892590358142,0.8434489480635083,0.0067074691948388965,0.0029809516247834957
0,tenmintest,9.0,1,0.6115962070606253,0.6142375485336141,0.0021266399033316877,0.002282079307523698
0,tenmintest,9.0,10,0.21851346152064807,0.2607526736051752,0.0033523035133565396,0.0018853139280193673
0,tenmintest,9.0,100,0.6770140751705698,0.7515227351208315,0.005719740896653099,0.0027455507898932236
0,tenmintest,9.0,200,0.6319853087715855,0.8031260239700384,0.005730662886413377,0.0032615285485436056
0,tenmintest,9.0,400,0.7003852954753848,0.8478876998981283,0.0060800677750250925,0.0028667483154879657
0,tenmintest,9.0,800,0.7239396009066852,0.8507658436264587,0.006620982294063549,0.0038814217160431904
0,tenmintest,10.0,1,0.5070705710462698,0.5179573008595907,0.0022317006698073906,0.001338355160894469
0,tenmintest,10.0,10,0.5367706420115816,0.6032678220847548,0.003957542613316463,0.001826164852250967
0,tenmintest,10.0,100,0.5813875808980571,0.7466139931825573,0.00575149318885699,0.002631642816832803
0,tenmintest,10.0,200,0.5291009583240711,0.806064894079227,0.006208116274342971,0.0031394313768415387
0,tenmintest,10.0,400,0.722519496252866,0.8524790444976051,0.006074213616356635,0.0027588729839413935
0,tenmintest,10.0,800,0.7616014265928202,0.8650947226599092,0.006444037290491056,0.002804884320193009
0,fifteenmintest,1.0,1,0.6555344821875017,0.6557399362670424,0.0023546664196938366,0.0021474130965244403
0,fifteenmintest,1.0,10,0.6548506807216854,0.7065650503088138,0.0038646427456801285,0.0023261318911763666
0,fifteenmintest,1.0,100,0.682697560724889,0.8020011356529191,0.005678627959769566,0.0024575365744728592
0,fifteenmintest,1.0,200,0.6276230150059475,0.8944634051219105,0.005462219877936355,0.0028344818044741403
0,fifteenmintest,1.0,400,0.551382103710537,0.8795098406594474,0.005799460230952058,0.002905803736109039
0,fifteenmintest,1.0,800,0.758523914244662,0.8981499282661166,0.0059545433518551905,0.0028698064700476466
0,fifteenmintest,2.0,1,0.6192279854447986,0.6274887673727301,0.0022979349113559848,0.0014640773997477562
0,fifteenmintest,2.0,10,0.43987624047266394,0.528267128505719,0.004177759457116825,0.001498346823190428
0,fifteenmintest,2.0,100,0.5441255977364402,0.7525520652656447,0.005395287435235552,0.0025601248010264565
0,fifteenmintest,2.0,200,0.7931304829729068,0.883346747084083,0.00592080781636494,0.0026682310561957846
0,fifteenmintest,2.0,400,0.729233745238937,0.8763572654663098,0.005734358049752634,0.0028905405033412203
0,fifteenmintest,2.0,800,0.6759468505837426,0.8788966805815941,0.0059547176115358645,0.0033428499562775005
0,fifteenmintest,3.0,1,0.48466322881227925,0.4919097870337499,0.0029357378535344444,0.0013245471365919148
0,fifteenmintest,3.0,10,0.5519962814620093,0.6138099223067535,0.004202122565845323,0.002517564323436084
0,fifteenmintest,3.0,100,0.647506154268559,0.7904444447461775,0.005522256681416712,0.0019343590843839565
0,fifteenmintest,3.0,200,0.6325587162203392,0.8156733833005632,0.006239605149924384,0.0024244896785352685
0,fifteenmintest,3.0,400,0.7803472837206392,0.903556576660911,0.0060535383870022105,0.0029023430015722444
0,fifteenmintest,3.0,800,0.7936521001519006,0.8927468329475835,0.005937389784856654,0.003020672980874491
0,fifteenmintest,4.0,1,0.48364875749318376,0.4877148618738687,0.002093899976157006,0.0012555257156886142
0,fifteenmintest,4.0,10,0.5507246823737185,0.5962191814933264,0.003925238075081683,0.0023187924444438477
0,fifteenmintest,4.0,100,0.5344621729959127,0.7714026474628435,0.004804702303803765,0.0023799232124326925
0,fifteenmintest,4.0,200,0.7142950328362482,0.8543832212871422,0.005368189843414643,0.0023755995871676313
0,fifteenmintest,4.0,400,0.6238985503323599,0.8488965977374177,0.005455583523582223,0.0027599136510267014
0,fifteenmintest,4.0,800,0.739287744307406,0.8788194074289423,0.005573539712840699,0.002757108082581683
0,fifteenmintest,5.0,1,0.6425711094989774,0.6429586149465765,0.002776208728574155,0.0015302778208523015
0,fifteenmintest,5.0,10,0.4897711553973242,0.6019075107668949,0.00398049842145463,0.0020601915376523947
0,fifteenmintest,5.0,100,0.6848511937875793,0.7519368920625991,0.005273232610522293,0.0026424045212985613
0,fifteenmintest,5.0,200,0.7482015117008353,0.8854328426642596,0.005879090716511778,0.0024228522550152104
0,fifteenmintest,5.0,400,0.6598426330566544,0.9090007564190989,0.005865199481670761,0.0022592399081035885
0,fifteenmintest,5.0,800,0.8005311233623492,0.9084814843554604,0.006010796392225456,0.0024949433753391477
0,fifteenmintest,6.0,1,0.35216399656028097,0.3536477552788633,0.0019100442124599863,0.0016557216956762997
0,fifteenmintest,6.0,10,0.4905593119953902,0.6141340952449007,0.0044240201823711545,0.002232495459265396
0,fifteenmintest,6.0,100,0.6984970292091783,0.7868658698597747,0.005312720570514166,0.0018911049039106956
0,fifteenmintest,6.0,200,0.618947473775518,0.8586511321362585,0.005850845669089111,0.002410329562457099
0,fifteenmintest,6.0,400,0.7125421416118555,0.8841670000226088,0.005881419719067264,0.002678991985634433
0,fifteenmintest,6.0,800,0.7186344253113416,0.8820321458670329,0.005778284475711189,0.0024376655421378245
0,fifteenmintest,7.0,1,0.6445930700278296,0.6482755073682501,0.0023781245055955174,0.0014239043123474384
0,fifteenmintest,7.0,10,0.6204131164827021,0.6851536349420536,0.004161160055261796,0.002046149831794461
0,fifteenmintest,7.0,100,0.6730597331703604,0.7662793072618256,0.005482007564717165,0.0028895640424935537
0,fifteenmintest,7.0,200,0.6794463239636336,0.8413242159888471,0.005619215583930503,0.0034124395760499757
0,fifteenmintest,7.0,400,0.7375765360417634,0.8735522345140273,0.005326526292433128,0.0027142533225524043
0,fifteenmintest,7.0,800,0.6487137887737693,0.8943249724608902,0.005667513839213645,0.002804582056247032
0,fifteenmintest,8.0,1,0.689599356647879,0.6898970246485776,0.001453948521291711,0.0020500298836208792
0,fifteenmintest,8.0,10,0.31339442984720656,0.34966421366442624,0.0035361152992593793,0.001815514796361876
0,fifteenmintest,8.0,100,0.710058327141889,0.8249015901162937,0.005298853791081696,0.002371628910178688
0,fifteenmintest,8.0,200,0.752781157748149,0.881968112388416,0.0057350204367691265,0.002323315105323094
0,fifteenmintest,8.0,400,0.7407220435932313,0.8853105873751743,0.006062435613785148,0.0026780285132139226
0,fifteenmintest,8.0,800,0.7872138015370314,0.9059918900011336,0.006015201807187431,0.00244349292444604
0,fifteenmintest,9.0,1,0.6456625000130978,0.6485962954612662,0.0019692731612800016,0.001291511044751806
0,fifteenmintest,9.0,10,0.4587191771396371,0.5777207825824504,0.004053747209010875,0.0018748193862919188
0,fifteenmintest,9.0,100,0.6677863200266602,0.7742024542926298,0.0051209530507178545,0.0029285928456375867
0,fifteenmintest,9.0,200,0.6554499180628618,0.8327500363230886,0.005756522203066257,0.003932844901250991
0,fifteenmintest,9.0,400,0.7216279399745938,0.839047896511979,0.005649740778483333,0.0030486277854527444
0,fifteenmintest,9.0,800,0.8217292158844828,0.8930086331306835,0.005576293233759744,0.0026360332319464424
0,fifteenmintest,10.0,1,0.537133683833082,0.5453094321052416,0.002721784032194511,0.0010946953591321426
0,fifteenmintest,10.0,10,0.650869396977796,0.7402417975803527,0.004137767219362701,0.001532711531960606
0,fifteenmintest,10.0,100,0.731300667560145,0.8468946421054692,0.005126569891302609,0.0023168139193941776
0,fifteenmintest,10.0,200,0.6371382680954639,0.8881430052839806,0.005518190148841292,0.0021680268955868065
0,fifteenmintest,10.0,400,0.7662752899108699,0.886269078673536,0.005849194239099842,0.0026233076009381843
0,fifteenmintest,10.0,800,0.7230660301161683,0.8958808101468502,0.005828793598544668,0.0028516243445366753
0,twentymintest,1.0,1,0.5745852421831654,0.5789365884560626,0.0024242414868148525,0.0018910563224905563
0,twentymintest,1.0,10,0.5029542951019194,0.6330396344840021,0.003793510585213829,0.001620194450539351
0,twentymintest,1.0,100,0.5554326601387302,0.8314945930164154,0.005461071317000921,0.0021739391790062453
0,twentymintest,1.0,200,0.709014256519467,0.9107585992384154,0.005159468530665045,0.0020869043821366536
0,twentymintest,1.0,400,0.8369162487335775,0.9089460571227259,0.005243667070179081,0.0022452721129607766
0,twentymintest,1.0,800,0.6767159082189402,0.9000643614147692,0.005357282833178963,0.0020199790951066104
0,twentymintest,2.0,1,0.6214631132274472,0.6250979944069078,0.002026703950286435,0.0014198831699648237
0,twentymintest,2.0,10,0.5447937514239225,0.6733693961824714,0.004156081009639119,0.001510872666246484
0,twentymintest,2.0,100,0.6407850949424578,0.8557560943641676,0.005094368918924671,0.00208362714762474
0,twentymintest,2.0,200,0.7584021057044796,0.8816703889251285,0.0054435954380700775,0.0022725278053632864
0,twentymintest,2.0,400,0.7105555744426262,0.9269500894180479,0.005305757517023446,0.0023765594889083087
0,twentymintest,2.0,800,0.8664609107523216,0.9116688174648325,0.00548814327964214,0.0023605343512877004
0,twentymintest,3.0,1,0.5596822854035556,0.5619941792018376,0.0025163456856800363,0.001898007337290616
0,twentymintest,3.0,10,0.5809344772253878,0.6139549969218497,0.003407901555649599,0.002269202371379582
0,twentymintest,3.0,100,0.7460662406293602,0.8571029319668663,0.00513429456255063,0.002113741490488548
0,twentymintest,3.0,200,0.8010161379176253,0.9051400224661056,0.005459970981162947,0.0020413750672359215
0,twentymintest,3.0,400,0.8124688327696418,0.9199648675111666,0.005591982577187323,0.0021174826951874345
0,twentymintest,3.0,800,0.8775099951169517,0.9220101807985419,0.00544951199537322,0.002100967823808665
0,twentymintest,4.0,1,0.45302639682748447,0.46316586257756076,0.002038034837549537,0.0012124748088878333
0,twentymintest,4.0,10,0.6292750408795117,0.7006626271081172,0.0037627312092848716,0.001594638302964446
0,twentymintest,4.0,100,0.781180763083233,0.8726907292730884,0.0051505102796115905,0.0024796146484140345
0,twentymintest,4.0,200,0.6860400182464699,0.9035278552018967,0.0050531688287243455,0.0024052066423298156
0,twentymintest,4.0,400,0.8152001834298135,0.9184884313329561,0.005165566673539001,0.002488011305698681
0,twentymintest,4.0,800,0.7756593707912618,0.9111061921236248,0.005290244480607901,0.0025074108172856184
0,twentymintest,5.0,1,0.5222566720185092,0.5320175529656949,0.0021252859250044573,0.0012209510207176258
0,twentymintest,5.0,10,0.5512621258108158,0.6230745666890583,0.003844157615060928,0.0018588662635321681
0,twentymintest,5.0,100,0.646432909068838,0.8098017710675347,0.0035469685301529347,0.0016973000047491797
0,twentymintest,5.0,200,0.7971609729895426,0.8806647211374543,0.003975862939931918,0.0017463146723184734
0,twentymintest,5.0,400,0.7877346415294414,0.8970136784618534,0.003898961362930997,0.0016536519852058467
0,twentymintest,5.0,800,0.8081278186916496,0.8935630358934039,0.004161975507196114,0.0018059705593105803
0,twentymintest,6.0,1,0.7242285420286373,0.7243882742084837,0.001978748351370489,0.0013647935281578302
0,twentymintest,6.0,10,0.46193444669038564,0.5646086409501466,0.0036187444156189795,0.0013958810457970166
0,twentymintest,6.0,100,0.6594148260255325,0.8488270306399638,0.00457720615930249,0.0018238674819887719
0,twentymintest,6.0,200,0.7923239469914545,0.9016675044508212,0.004272413542902805,0.0018391328605617146
0,twentymintest,6.0,400,0.5672450260360341,0.9044979003918407,0.004314756941741227,0.0017053200582502054
0,twentymintest,6.0,800,0.8362101177866684,0.9071184292290536,0.00406896906079639,0.001688062370875398
0,twentymintest,7.0,1,0.419286691035261,0.4279333126083692,0.0021367710532263495,0.001062476892753464
0,twentymintest,7.0,10,0.6242727221416978,0.6715399214150884,0.0038988565906560415,0.0019237000350448277
0,twentymintest,7.0,100,0.6077009873337719,0.7895282990842837,0.005290798981917936,0.0019522654384408443
0,twentymintest,7.0,200,0.826940855928457,0.9213627716451527,0.005283918165117407,0.002073801440258935
0,twentymintest,7.0,400,0.821607995658092,0.9236511068837211,0.0055585284913731384,0.002302888368941938
0,twentymintest,7.0,800,0.7241520748755798,0.9152158618902293,0.005475715507078538,0.0020663671465764796
0,twentymintest,8.0,1,0.546434111505047,0.5527522305835453,0.002106612985731837,0.0014405180547503826
0,twentymintest,8.0,10,0.6301526193309019,0.6677997993575864,0.0038453435051269045,0.002636916051521471
0,twentymintest,8.0,100,0.7213061188369012,0.8335063460355,0.004755930005288555,0.002201014082835636
0,twentymintest,8.0,200,0.6882567498958142,0.8842597289929338,0.005204743724672508,0.001784288199010065
0,twentymintest,8.0,400,0.766179850230316,0.9082338216842482,0.005039960870365515,0.00192781100573987
0,twentymintest,8.0,800,0.8396398977153053,0.9206131222186845,0.005408720873286921,0.0021823819065807082
0,twentymintest,9.0,1,0.7087272377560973,0.7094593237685962,0.0018165947993067366,0.001329190929609054
0,twentymintest,9.0,10,0.6325614801393293,0.6758634856929481,0.0037807513312358505,0.0023925200333922833
0,twentymintest,9.0,100,0.5462497742266978,0.8005815056531987,0.004630118481591698,0.0019267669846975573
0,twentymintest,9.0,200,0.7280993238633495,0.8713223486773918,0.004592399372147756,0.0020508773895151797
0,twentymintest,9.0,400,0.8180094674350177,0.9021791153344918,0.004273209940361134,0.0019938284557011257
0,twentymintest,9.0,800,0.8131082040800557,0.9153088283788584,0.004395172888852457,0.0020539737039167237
0,twentymintest,10.0,1,0.5814793512016363,0.5866499690933047,0.0016489672686416028,0.0011135355120911676
0,twentymintest,10.0,10,0.3061336236619494,0.3783187593684155,0.0033201769368288005,0.0014538121391585073
0,twentymintest,10.0,100,0.7177749764895158,0.8578113794600104,0.004892056858223204,0.0021442625735456017
0,twentymintest,10.0,200,0.6803842893263934,0.8680839440722817,0.005163107047361526,0.0021887115065655576
0,twentymintest,10.0,400,0.7762391167259874,0.9161393310823055,0.005482288444248277,0.0019990432617439944
0,twentymintest,10.0,800,0.8129736700101808,0.9181555732396747,0.005342736151589793,0.0020915361552432442
0,twentyfivemintest,1.0,1,0.6423459146107947,0.647006211743269,0.0024805482666254266,0.0019682960071068785
0,twentyfivemintest,1.0,10,0.603200762456655,0.6861802207214456,0.0038786449756480082,0.00178104427047803
0,twentyfivemintest,1.0,100,0.7637825216220487,0.8788441866216324,0.0046859639297070115,0.002200604471225925
0,twentyfivemintest,1.0,200,0.7045087328325219,0.8898880209164044,0.00497020853910789,0.0023778162805053855
0,twentyfivemintest,1.0,400,0.8443815992604319,0.9361482119482313,0.005174104692584062,0.0025346810720180838
0,twentyfivemintest,1.0,800,0.8540657226836239,0.923843759197623,0.005201011518478834,0.0024217432722947077
0,twentyfivemintest,2.0,1,0.5477316749330128,0.555694831622853,0.002517982373505053,0.0014765393306022726
0,twentyfivemintest,2.0,10,0.7120530606070291,0.7584033989886475,0.003767686054327609,0.0021354143641867216
0,twentyfivemintest,2.0,100,0.6232611490429932,0.8348913550085322,0.004868853625980685,0.0020622603516279904
0,twentyfivemintest,2.0,200,0.6622765066101849,0.8965700327467123,0.005027822400336701,0.0019630666857376445
0,twentyfivemintest,2.0,400,0.824268777727067,0.9182331934629032,0.005220062744979674,0.002261317013559912
0,twentyfivemintest,2.0,800,0.7464080129058566,0.91993604694189,0.005161710817092639,0.0021508303523650393
0,twentyfivemintest,3.0,1,0.6797440528932341,0.6802123160036615,0.002400794640311647,0.002051533403677951
0,twentyfivemintest,3.0,10,0.4993413924889866,0.6001979846748274,0.0034274906267660315,0.0014994296092778673
0,twentyfivemintest,3.0,100,0.6243996559085031,0.8481017835120316,0.005041714899737585,0.0022324369048755976
0,twentyfivemintest,3.0,200,0.6449312635024014,0.8830702335804104,0.005223506368237215,0.002415384104702158
0,twentyfivemintest,3.0,400,0.7730610418400743,0.9071631713191008,0.00505181251326674,0.0023825777177105298
0,twentyfivemintest,3.0,800,0.8179835260422835,0.9334281283872924,0.005289116291911766,0.002401611017559437
0,twentyfivemintest,4.0,1,0.580958002136624,0.5814040661272314,0.0018462301645129889,0.0015523365800591985
0,twentyfivemintest,4.0,10,0.6913071299779104,0.7488308922194007,0.003920702866009714,0.002385593433936024
0,twentyfivemintest,4.0,100,0.7243093409504878,0.8613846972413649,0.0048250379617283436,0.002207232503675594
0,twentyfivemintest,4.0,200,0.7285964532047318,0.87087419318363,0.004893280638160939,0.002407932411766791
0,twentyfivemintest,4.0,400,0.7779857895896022,0.9220635565034608,0.005125349782167817,0.0024061193004467395
0,twentyfivemintest,4.0,800,0.6421860579783066,0.9198437272199737,0.005284983569310812,0.0024416548205532847
0,twentyfivemintest,5.0,1,0.6180606590352284,0.6219863649510112,0.002609678144463149,0.0014756797909723505
0,twentyfivemintest,5.0,10,0.6036767394496827,0.6969306750255007,0.0036404169565164455,0.0014017136334893551
0,twentyfivemintest,5.0,100,0.7450199669738727,0.8280320100581133,0.004796528938500877,0.0023992746335706437
0,twentyfivemintest,5.0,200,0.6870424720423254,0.9030880117944895,0.005016675725120083,0.0022152151536894496
0,twentyfivemintest,5.0,400,0.7853122472178037,0.9314191977371237,0.005220153225110524,0.0023090992849463354
0,twentyfivemintest,5.0,800,0.8561442867133632,0.931664169215419,0.005435953855809439,0.0022376013954119585
0,twentyfivemintest,6.0,1,0.6634358558730363,0.6646877562983008,0.0022526476841856122,0.0016409641193030158
0,twentyfivemintest,6.0,10,0.5779778131094276,0.6422342070704363,0.003728714159857512,0.001499925324224447
0,twentyfivemintest,6.0,100,0.6552270963171979,0.8572158535295328,0.005108926318166322,0.0021436512985163127
0,twentyfivemintest,6.0,200,0.6552789836551122,0.910695025021718,0.005065994612323373,0.002216786358805777
0,twentyfivemintest,6.0,400,0.7573282403912476,0.8891637835509046,0.0051732803459589895,0.0023706379647554505
0,twentyfivemintest,6.0,800,0.8112911770124815,0.9175075270198975,0.005353544003920445,0.0022739377269110454
0,twentyfivemintest,7.0,1,0.6673489800310554,0.6688195410550184,0.0019601863026997178,0.0016185694601777954
0,twentyfivemintest,7.0,10,0.6766152116505656,0.7146494224372719,0.003558713314163653,0.002275647334033495
0,twentyfivemintest,7.0,100,0.6795863453144597,0.7693841541638021,0.0048974831176817665,0.0019734794443373917
0,twentyfivemintest,7.0,200,0.8400683370042826,0.9339425746854196,0.0052772469654923885,0.0023008436693013213
0,twentyfivemintest,7.0,400,0.617324258681962,0.9079690233604273,0.0053139578317327706,0.002232154644806386
0,twentyfivemintest,7.0,800,0.8105918061721672,0.9373909050898036,0.005339683358236295,0.002458948077080972
0,twentyfivemintest,8.0,1,0.6139839533616032,0.617025343561688,0.0022326627821433317,0.0014174006781538114
0,twentyfivemintest,8.0,10,0.6039892535441174,0.641892318902643,0.0038570733391787514,0.003033909178928613
0,twentyfivemintest,8.0,100,0.7030262889198075,0.839813803664267,0.0053451851245249985,0.0022226220895294724
0,twentyfivemintest,8.0,200,0.7913401666207102,0.9123236133898243,0.0050120542387996824,0.0022107669294471302
0,twentyfivemintest,8.0,400,0.7216186427720909,0.9124321413696966,0.005151045443028956,0.002104082262095052
0,twentyfivemintest,8.0,800,0.7632583870781228,0.9227107549607135,0.005237681301622077,0.0023443728848454577
0,twentyfivemintest,9.0,1,0.5183619085720503,0.5202565458746904,0.0023460731054735897,0.0016957423336882056
0,twentyfivemintest,9.0,10,0.5416995201380358,0.6613809644778326,0.0036665459629565728,0.0020840217797683394
0,twentyfivemintest,9.0,100,0.5201105146112346,0.8043961953534563,0.0050075223600258845,0.0020775153629168106
0,twentyfivemintest,9.0,200,0.7165381186247419,0.8897779918609967,0.004912430644989093,0.0022639040271296277
0,twentyfivemintest,9.0,400,0.7679054034481096,0.9215636282775744,0.00524803257739509,0.0024281187323894546
0,twentyfivemintest,9.0,800,0.7321286461178204,0.8954117548769367,0.005095719735604491,0.0022975247569405445
0,twentyfivemintest,10.0,1,0.6818077243545257,0.6820819489859409,0.0019979536026590305,0.0013187123406458038
0,twentyfivemintest,10.0,10,0.692131731243819,0.7209409689396029,0.00364008733598911,0.0022110549453405017
0,twentyfivemintest,10.0,100,0.7101874412917294,0.8315166547256587,0.0049458531917357905,0.0021187189718718095
0,twentyfivemintest,10.0,200,0.7870000370929675,0.9081744858736004,0.005197161911069611,0.0023119663977527465
0,twentyfivemintest,10.0,400,0.7054863063028387,0.9375459718856207,0.005170336723025929,0.0022095105510370793
0,twentyfivemintest,10.0,800,0.8726119597742658,0.9266122930065868,0.005436033541769406,0.0021950904664853987
0,fiftymintest,1.0,1,0.6872726072036247,0.6874283591528312,0.0028152177925133987,0.0017970875288718005
0,fiftymintest,1.0,10,0.7315468278420857,0.7903790745238154,0.004124495096487387,0.0014200893319058602
0,fiftymintest,1.0,100,0.8763488688894446,0.9483569360186688,0.004607117906141145,0.0015744800758754304
0,fiftymintest,1.0,200,0.847418616175256,0.955807944109941,0.004721438340393491,0.0015200569679957498
0,fiftymintest,1.0,400,0.8672690095072851,0.9670191645804896,0.00458152286931693,0.0015752048555575005
0,fiftymintest,1.0,800,0.8806658431082124,0.9588403317415348,0.0046772410509778725,0.0015202668590544965
0,fiftymintest,2.0,1,0.6643493077323964,0.6676952944581466,0.002109400295943605,0.001594707894065203
0,fiftymintest,2.0,10,0.6731999375097919,0.8172568501264748,0.004370416021719137,0.0017029239153170989
0,fiftymintest,2.0,100,0.8611082717822875,0.9375970488737507,0.004754287710753369,0.0016871766815683249
0,fiftymintest,2.0,200,0.6229512002488163,0.9506305259680439,0.004811841966409654,0.001576057261514703
0,fiftymintest,2.0,400,0.8288011092107618,0.9558043630343293,0.004873932145180378,0.0017011808058817876
0,fiftymintest,2.0,800,0.8595553898271676,0.9572165262350902,0.004652928176606789,0.0015616653375812135
0,fiftymintest,3.0,1,0.6565983460451198,0.6567530226571759,0.0025295431283805735,0.0018225019409172341
0,fiftymintest,3.0,10,0.6994089278726565,0.8351321168326441,0.0038932750565068767,0.0014955953879875997
0,fiftymintest,3.0,100,0.7860894337380755,0.9423662350663279,0.0046362219704933596,0.0016222978929199105
0,fiftymintest,3.0,200,0.8450868130139841,0.9555836199209213,0.004582845612010874,0.0015785628884485217
0,fiftymintest,3.0,400,0.857663824982174,0.9678595215541695,0.004658510405058857,0.001547150237303054
0,fiftymintest,3.0,800,0.881817338407369,0.9602983712276862,0.0046145275432688945,0.001510694061392989
0,fiftymintest,4.0,1,0.642573650471267,0.6438767387847958,0.002438390409159393,0.0015219253385416855
0,fiftymintest,4.0,10,0.739653626407632,0.8259643647633308,0.004040925755728061,0.0015383740455191825
0,fiftymintest,4.0,100,0.8829407986073537,0.9555256178073,0.0045431867501969,0.0015270041921650937
0,fiftymintest,4.0,200,0.8499814284321926,0.9576472312476982,0.004661813154576522,0.0015363868800833856
0,fiftymintest,4.0,400,0.8550877797392988,0.9655122368292587,0.0046588072044759345,0.0015262309302444318
0,fiftymintest,4.0,800,0.6627637235812794,0.9289798968344992,0.0047429328545105735,0.00153160540601733
0,fiftymintest,5.0,1,0.5335586647804179,0.5423133813001945,0.0024575728574440497,0.0013418421926039376
0,fiftymintest,5.0,10,0.7701905874613075,0.8466709091539509,0.0038934630568290313,0.001692760411785397
0,fiftymintest,5.0,100,0.8742099286591788,0.9545858157596785,0.004529674092058326,0.0015338262274064598
0,fiftymintest,5.0,200,0.8634526079237133,0.9578417046461357,0.004584765558509222,0.0015264244056081573
0,fiftymintest,5.0,400,0.8409087725277647,0.9649098465307525,0.004661690266755721,0.001498785088417865
0,fiftymintest,5.0,800,0.6329638940827942,0.9298569096107544,0.004619699347512355,0.0014530039958283478
0,fiftymintest,6.0,1,0.6451036191219144,0.6488775596792932,0.0019091137070761414,0.0010555603567420472
0,fiftymintest,6.0,10,0.7366443328741545,0.8335016154472175,0.004148691037017775,0.0013978036007421312
0,fiftymintest,6.0,100,0.8733281030183894,0.95827209132309,0.0044609884336644255,0.0015681406798224622
0,fiftymintest,6.0,200,0.8573331226575058,0.9585421625973468,0.0044444289463082065,0.0015506654204124981
0,fiftymintest,6.0,400,0.8751292662060521,0.9619182622144887,0.0045344763965820215,0.0015043544456163774
0,fiftymintest,6.0,800,0.8729660902986499,0.9586149205960793,0.004571188895034583,0.001481087137128823
0,fiftymintest,7.0,1,0.651934607517323,0.6530302369389288,0.0022998591726250553,0.001823077819108398
0,fiftymintest,7.0,10,0.5387260493298656,0.7897916354264046,0.00406271442978949,0.0014860342736900832
0,fiftymintest,7.0,100,0.8815818143862113,0.9497485674612994,0.004541160237908089,0.0016354669824284365
0,fiftymintest,7.0,200,0.8449274017120973,0.9582754532968902,0.004684117484920943,0.0015402357861549936
0,fiftymintest,7.0,400,0.8522398958161688,0.9669841217398377,0.004637558755737374,0.0015179795093041713
0,fiftymintest,7.0,800,0.8724742527699259,0.9513980496523943,0.004619043947467879,0.0015109587089429672
0,fiftymintest,8.0,1,0.6649600487132559,0.6664001886049702,0.002267586541159461,0.002105074169622289
0,fiftymintest,8.0,10,0.5984257541263839,0.7990900932374122,0.004121670215786862,0.0013960542710219623
0,fiftymintest,8.0,100,0.8730945711389337,0.9507725795546,0.00467607054035953,0.0016504122156810216
0,fiftymintest,8.0,200,0.8254791158678622,0.955324336420332,0.004730297211551844,0.0016167896534042925
0,fiftymintest,8.0,400,0.8426890683959423,0.9604485865884388,0.004736710128823059,0.001533398129447009
0,fiftymintest,8.0,800,0.882498516767579,0.9521343831368015,0.004593076079401673,0.0015317432531618232
0,fiftymintest,9.0,1,0.5616960278580634,0.566908832531301,0.002387051034462092,0.0018347618634267408
0,fiftymintest,9.0,10,0.7155271544289367,0.8302397458264598,0.003753083851248677,0.0019217031987046854
0,fiftymintest,9.0,100,0.885133807985804,0.9482675900914492,0.004654544254266698,0.0015702400277643237
0,fiftymintest,9.0,200,0.8577235860969343,0.9614945065571864,0.004586624515359332,0.001542810694499903
0,fiftymintest,9.0,400,0.8561029910068646,0.9561473868542473,0.004660102498432406,0.0015400751147206435
0,fiftymintest,9.0,800,0.8756277279261255,0.9623242375639309,0.004669344163027134,0.0015733231202715533
0,fiftymintest,10.0,1,0.6441418693871411,0.6483933625656499,0.0023649874345512208,0.0018210392996527913
0,fiftymintest,10.0,10,0.650392502178617,0.845064051405023,0.0038641895784312136,0.0017274202373086171
0,fiftymintest,10.0,100,0.8916850232812527,0.9537820915406422,0.004586471083501557,0.0015103287221867557
0,fiftymintest,10.0,200,0.8582131005340904,0.9582511463902446,0.004622389523613912,0.001516596916990146
0,fiftymintest,10.0,400,0.8611996567128148,0.9693043164927256,0.004552352284385748,0.0015007209495290013
0,fiftymintest,10.0,800,0.8729452097296608,0.9558249001859239,0.004602712406865906,0.001520467219120201
